{"cameraMode":{"drawMode":2,"name":"Shaded Wireframe","section":"Shading Mode"},"sceneLighting":false,"audioPlay":false,"sceneViewState":{"showFog":true,"showMaterialUpdate":false,"showSkybox":true,"showFlares":true,"showImageEffects":true,"showParticleSystems":true},"in2DMode":false,"pivot":{"x":3.4988458156585695,"y":-3.860121011734009,"z":1.974961757659912},"rotation":{"x":0.5596257448196411,"y":-0.07064750045537949,"z":0.04797925800085068,"w":0.8243634700775147},"size":4.207394599914551,"orthographic":false}